Time,Emotion,Focus Level,Engagement Level
2024-06-07 23:36:12,No Faces,,Unknown
2024-06-07 23:36:13,Happy,,Unknown
2024-06-07 23:36:13,No Faces,,Unknown
2024-06-07 23:36:13,No Faces,,Unknown
2024-06-07 23:36:13,No Faces,,Unknown
2024-06-07 23:36:13,No Faces,,Unknown
2024-06-07 23:36:13,No Faces,,Unknown
2024-06-07 23:36:13,No Faces,,Unknown
2024-06-07 23:36:13,No Faces,,Unknown
2024-06-07 23:36:14,No Faces,,Unknown
2024-06-07 23:36:14,No Faces,,Unknown
2024-06-07 23:36:14,No Faces,,Unknown
2024-06-07 23:36:14,No Faces,,Unknown
2024-06-07 23:36:14,No Faces,,Unknown
2024-06-07 23:36:14,Sad,,Unknown
2024-06-07 23:36:14,No Faces,,Unknown
2024-06-07 23:36:14,Sad,,Unknown
2024-06-07 23:36:14,Sad,,Unknown
2024-06-07 23:36:14,Sad,,Unknown
2024-06-07 23:36:15,Sad,,Unknown
2024-06-07 23:36:15,Neutral,,Unknown
2024-06-07 23:36:15,Neutral,,Unknown
2024-06-07 23:36:15,Neutral,,Unknown
2024-06-07 23:36:15,Neutral,,Unknown
2024-06-07 23:36:15,Neutral,,Unknown
2024-06-07 23:36:15,Neutral,Focus :),High Engagement
2024-06-07 23:36:16,Neutral,Focus :),High Engagement
2024-06-07 23:36:16,Neutral,Focus :),High Engagement
2024-06-07 23:36:16,Neutral,Focus :),High Engagement
2024-06-07 23:36:16,Neutral,Focus :),High Engagement
2024-06-07 23:36:16,Neutral,Focus :),High Engagement
2024-06-07 23:36:16,Neutral,Focus :),High Engagement
2024-06-07 23:36:16,Neutral,Focus :),High Engagement
2024-06-07 23:36:17,Neutral,Focus :),High Engagement
2024-06-07 23:36:17,Neutral,Focus :),High Engagement
2024-06-07 23:36:17,Neutral,Focus :),Unknown
2024-06-07 23:36:17,Neutral,Focus :),Unknown
2024-06-07 23:36:17,Sad,Focus :),Unknown
2024-06-07 23:36:17,Sad,Focus :),Unknown
2024-06-07 23:36:17,Neutral,Not Focus :|,Unknown
2024-06-07 23:36:17,Neutral,Not Focus :|,Unknown
2024-06-07 23:36:18,Sad,Not Focus :|,Unknown
2024-06-07 23:36:18,Sad,Not Focus :|,Unknown
2024-06-07 23:36:18,Neutral,Not Focus :|,Unknown
2024-06-07 23:36:18,Sad,Not Focus :|,Unknown
2024-06-07 23:36:18,Sad,Not Focus :|,Unknown
2024-06-07 23:36:18,Sad,Not Focus :|,Unknown
2024-06-07 23:36:18,Neutral,Not Focus :|,Unknown
2024-06-07 23:36:18,Sad,Not Focus :|,Unknown
2024-06-07 23:36:19,Neutral,Not Focus :|,Unknown
2024-06-07 23:36:19,Neutral,Not Focus :|,Unknown
2024-06-07 23:36:19,Neutral,Not Focus :|,Unknown
2024-06-07 23:36:19,Sad,Not Focus :|,Unknown
2024-06-07 23:36:19,Neutral,Not Focus :|,Unknown
2024-06-07 23:36:19,Neutral,Not Focus :|,Unknown
2024-06-07 23:36:19,Neutral,Not Focus :|,Unknown
2024-06-07 23:36:20,Neutral,Not Focus :|,Unknown
2024-06-07 23:36:20,Neutral,Not Focus :|,Unknown
2024-06-07 23:36:20,Neutral,Not Focus :|,Unknown
2024-06-07 23:36:20,Sad,Not Focus :|,Unknown
2024-06-07 23:36:20,Sad,Not Focus :|,Unknown
2024-06-07 23:36:20,No Faces,Not Focus :|,Unknown
2024-06-07 23:36:20,No Faces,Not Focus :|,Unknown
2024-06-07 23:36:20,No Faces,Not Focus :|,Unknown
2024-06-07 23:36:20,No Faces,Not Focus :|,Unknown
2024-06-07 23:36:20,No Faces,Not Focus :|,Unknown
2024-06-07 23:36:20,No Faces,Not Focus :|,Unknown
2024-06-07 23:36:21,Neutral,Not Focus :|,Unknown
2024-06-07 23:36:21,No Faces,Not Focus :|,Unknown
2024-06-07 23:36:21,No Faces,Not Focus :|,Unknown
2024-06-07 23:36:21,No Faces,Not Focus :|,Unknown
2024-06-07 23:36:21,No Faces,Not Focus :|,Unknown
2024-06-07 23:36:21,No Faces,Not Focus :|,Unknown
2024-06-07 23:36:21,No Faces,Not Focus :|,Unknown
2024-06-07 23:36:21,No Faces,Not Focus :|,Unknown
2024-06-07 23:36:21,No Faces,Not Focus :|,Unknown
2024-06-07 23:36:21,No Faces,Not Focus :|,Unknown
2024-06-07 23:36:21,No Faces,Not Focus :|,Unknown
2024-06-07 23:36:21,No Faces,Not Focus :|,Unknown
2024-06-07 23:36:21,No Faces,Not Focus :|,Unknown
2024-06-07 23:36:21,No Faces,Not Focus :|,Unknown
2024-06-07 23:36:21,No Faces,Not Focus :|,Unknown
2024-06-07 23:36:21,No Faces,Not Focus :|,Unknown
2024-06-07 23:36:21,No Faces,Not Focus :|,Unknown
2024-06-07 23:36:22,No Faces,Not Focus :|,Unknown
2024-06-07 23:36:22,No Faces,Not Focus :|,Unknown
2024-06-07 23:36:22,No Faces,Not Focus :|,Unknown
2024-06-07 23:36:22,No Faces,Not Focus :|,Unknown
2024-06-07 23:36:22,No Faces,Not Focus :|,Unknown
2024-06-07 23:36:22,No Faces,Not Focus :|,Unknown
2024-06-07 23:36:22,No Faces,Not Focus :|,Unknown
2024-06-07 23:36:22,No Faces,Not Focus :|,Unknown
2024-06-07 23:36:22,No Faces,Not Focus :|,Unknown
2024-06-07 23:36:22,No Faces,Not Focus :|,Unknown
2024-06-07 23:36:22,No Faces,Not Focus :|,Unknown
2024-06-07 23:36:22,No Faces,Not Focus :|,Unknown
2024-06-07 23:36:22,No Faces,Not Focus :|,Unknown
2024-06-07 23:36:22,No Faces,Not Focus :|,Unknown
2024-06-07 23:36:22,No Faces,Not Focus :|,Unknown
2024-06-07 23:36:22,No Faces,Not Focus :|,Unknown
2024-06-07 23:36:22,No Faces,Not Focus :|,Unknown
2024-06-07 23:36:23,No Faces,Not Focus :|,Unknown
2024-06-07 23:36:23,Sad,Not Focus :|,Unknown
2024-06-07 23:36:23,Sad,Not Focus :|,Unknown
2024-06-07 23:36:23,Sad,Not Focus :|,Unknown
2024-06-07 23:36:23,Sad,Not Focus :|,Unknown
2024-06-07 23:36:23,Sad,Not Focus :|,Unknown
2024-06-07 23:36:23,Sad,Not Focus :|,Unknown
2024-06-07 23:36:23,Sad,Not Focus :|,Unknown
2024-06-07 23:36:24,Sad,Not Focus :|,Unknown
2024-06-07 23:36:24,Sad,Not Focus :|,Unknown
2024-06-07 23:36:24,Neutral,Not Focus :|,Unknown
2024-06-07 23:36:24,Neutral,Not Focus :|,Unknown
2024-06-07 23:36:24,Sad,Not Focus :|,Unknown
2024-06-07 23:36:24,Sad,Not Focus :|,Unknown
2024-06-07 23:36:25,Sad,Not Focus :|,Unknown
2024-06-07 23:36:25,Sad,Not Focus :|,Unknown
2024-06-07 23:36:25,Sad,Not Focus :|,Unknown
2024-06-07 23:36:25,Sad,Not Focus :|,Unknown
2024-06-07 23:36:25,Sad,Not Focus :|,Unknown
2024-06-07 23:36:25,Sad,Not Focus :|,Unknown
2024-06-07 23:36:25,Neutral,Not Focus :|,Unknown
2024-06-07 23:36:25,Sad,Not Focus :|,Unknown
2024-06-07 23:36:26,Sad,Not Focus :|,Unknown
2024-06-07 23:36:26,Sad,Not Focus :|,Unknown
2024-06-07 23:36:26,Sad,Not Focus :|,Unknown
2024-06-07 23:36:26,Neutral,Not Focus :|,Unknown
2024-06-07 23:36:26,Sad,Not Focus :|,Unknown
2024-06-07 23:36:26,Sad,Not Focus :|,Unknown
2024-06-07 23:36:26,Sad,Not Focus :|,Unknown
2024-06-07 23:36:26,Sad,Not Focus :|,Unknown
2024-06-07 23:36:27,Sad,Not Focus :|,Unknown
2024-06-07 23:36:27,Sad,Not Focus :|,Unknown
2024-06-07 23:36:27,Sad,Not Focus :|,Unknown
2024-06-07 23:36:27,Sad,Not Focus :|,Unknown
2024-06-07 23:36:27,Sad,Not Focus :|,Unknown
2024-06-07 23:36:27,Sad,Not Focus :|,Unknown
2024-06-07 23:36:27,Neutral,Not Focus :|,Unknown
2024-06-07 23:36:28,Neutral,Not Focus :|,Unknown
2024-06-07 23:36:28,Neutral,Not Focus :|,Unknown
2024-06-07 23:36:28,Neutral,Not Focus :|,Unknown
2024-06-07 23:36:28,Neutral,Not Focus :|,Unknown
2024-06-07 23:36:28,Sad,Not Focus :|,Unknown
2024-06-07 23:36:28,No Faces,Not Focus :|,Unknown
2024-06-07 23:36:28,Sad,Not Focus :|,Unknown
2024-06-07 23:36:28,Sad,Not Focus :|,Unknown
2024-06-07 23:36:28,No Faces,Not Focus :|,Unknown
2024-06-07 23:36:29,No Faces,Not Focus :|,Unknown
2024-06-07 23:36:29,Sad,Not Focus :|,Unknown
2024-06-07 23:36:29,Sad,Not Focus :|,Unknown
2024-06-07 23:36:29,No Faces,Not Focus :|,Unknown
2024-06-07 23:36:29,No Faces,Not Focus :|,Unknown
2024-06-07 23:36:29,No Faces,Not Focus :|,Unknown
2024-06-07 23:36:29,No Faces,Not Focus :|,Unknown
2024-06-07 23:36:29,No Faces,Not Focus :|,Unknown
2024-06-07 23:36:29,No Faces,Not Focus :|,Unknown
2024-06-07 23:36:29,No Faces,Not Focus :|,Unknown
2024-06-07 23:36:29,No Faces,Not Focus :|,Unknown
2024-06-07 23:36:29,No Faces,Not Focus :|,Unknown
2024-06-07 23:36:29,No Faces,Not Focus :|,Unknown
2024-06-07 23:36:29,No Faces,Not Focus :|,Unknown
2024-06-07 23:36:30,No Faces,Not Focus :|,Unknown
2024-06-07 23:36:30,No Faces,Not Focus :|,Unknown
2024-06-07 23:36:30,No Faces,Not Focus :|,Unknown
2024-06-07 23:36:30,No Faces,Not Focus :|,Unknown
2024-06-07 23:36:30,No Faces,Not Focus :|,Unknown
2024-06-07 23:36:30,No Faces,Not Focus :|,Unknown
2024-06-07 23:36:30,No Faces,Not Focus :|,Unknown
2024-06-07 23:36:30,No Faces,Not Focus :|,Unknown
2024-06-07 23:36:30,No Faces,Not Focus :|,Unknown
2024-06-07 23:36:30,No Faces,Not Focus :|,Unknown
2024-06-07 23:36:30,No Faces,Not Focus :|,Unknown
2024-06-07 23:36:30,No Faces,Not Focus :|,Unknown
2024-06-07 23:36:30,No Faces,Not Focus :|,Unknown
2024-06-07 23:36:30,No Faces,Not Focus :|,Unknown
2024-06-07 23:36:30,No Faces,Not Focus :|,Unknown
2024-06-07 23:36:31,No Faces,Not Focus :|,Unknown
2024-06-07 23:36:31,No Faces,Not Focus :|,Unknown
2024-06-07 23:36:31,No Faces,Not Focus :|,Unknown
2024-06-07 23:36:31,No Faces,Not Focus :|,Unknown
2024-06-07 23:36:31,No Faces,Not Focus :|,Unknown
2024-06-07 23:36:31,No Faces,Not Focus :|,Unknown
2024-06-07 23:36:31,No Faces,Not Focus :|,Unknown
2024-06-07 23:36:31,No Faces,Not Focus :|,Unknown
2024-06-07 23:36:31,Sad,Not Focus :|,Unknown
2024-06-07 23:36:31,Neutral,Not Focus :|,Unknown
2024-06-07 23:36:32,Neutral,Not Focus :|,Unknown
2024-06-07 23:36:32,Sad,Not Focus :|,Unknown
2024-06-07 23:36:32,No Faces,Not Focus :|,Unknown
2024-06-07 23:36:32,No Faces,Not Focus :|,Unknown
2024-06-07 23:36:32,No Faces,Not Focus :|,Unknown
2024-06-07 23:36:32,No Faces,Not Focus :|,Unknown
2024-06-07 23:36:32,Fear,Not Focus :|,Unknown
2024-06-07 23:36:32,Fear,Not Focus :|,Unknown
2024-06-07 23:36:32,No Faces,Not Focus :|,Unknown
2024-06-07 23:36:32,No Faces,Not Focus :|,Unknown
2024-06-07 23:36:32,No Faces,Not Focus :|,Unknown
2024-06-07 23:36:32,No Faces,Not Focus :|,Unknown
2024-06-07 23:36:33,No Faces,Not Focus :|,Unknown
2024-06-07 23:36:33,No Faces,Not Focus :|,Unknown
2024-06-07 23:36:33,No Faces,Not Focus :|,Unknown
2024-06-07 23:36:33,No Faces,Not Focus :|,Unknown
2024-06-07 23:36:33,No Faces,Not Focus :|,Unknown
2024-06-07 23:36:33,No Faces,Not Focus :|,Unknown
2024-06-07 23:36:33,No Faces,Not Focus :|,Unknown
2024-06-07 23:36:33,No Faces,Not Focus :|,Unknown
2024-06-07 23:36:33,No Faces,Not Focus :|,Unknown
2024-06-07 23:36:33,No Faces,Not Focus :|,Unknown
2024-06-07 23:36:33,No Faces,Not Focus :|,Unknown
2024-06-07 23:36:33,No Faces,Not Focus :|,Unknown
2024-06-07 23:36:33,No Faces,Not Focus :|,Unknown
2024-06-07 23:36:33,No Faces,Not Focus :|,Unknown
2024-06-07 23:36:33,No Faces,Not Focus :|,Unknown
2024-06-07 23:36:33,No Faces,Not Focus :|,Unknown
2024-06-07 23:36:34,No Faces,Not Focus :|,Unknown
2024-06-07 23:36:34,No Faces,Not Focus :|,Unknown
2024-06-07 23:36:34,No Faces,Not Focus :|,Unknown
2024-06-07 23:36:34,No Faces,Not Focus :|,Unknown
2024-06-07 23:36:34,No Faces,Not Focus :|,Unknown
2024-06-07 23:36:34,No Faces,Not Focus :|,Unknown
2024-06-07 23:36:34,No Faces,Not Focus :|,Unknown
2024-06-07 23:36:34,No Faces,Not Focus :|,Unknown
2024-06-07 23:36:34,No Faces,Not Focus :|,Unknown
2024-06-07 23:36:34,No Faces,Not Focus :|,Unknown
2024-06-07 23:36:34,No Faces,Not Focus :|,Unknown
2024-06-07 23:36:34,No Faces,Not Focus :|,Unknown
2024-06-07 23:36:34,No Faces,Not Focus :|,Unknown
2024-06-07 23:36:34,No Faces,Not Focus :|,Unknown
2024-06-07 23:36:34,No Faces,Not Focus :|,Unknown
2024-06-07 23:36:34,No Faces,Not Focus :|,Unknown
2024-06-07 23:36:34,No Faces,Not Focus :|,Unknown
2024-06-07 23:36:35,Sad,Not Focus :|,Unknown
2024-06-07 23:36:35,No Faces,Not Focus :|,Unknown
2024-06-07 23:36:35,Sad,Not Focus :|,Unknown
2024-06-07 23:36:35,Happy,Not Focus :|,Unknown
2024-06-07 23:36:35,Neutral,Not Focus :|,Unknown
2024-06-07 23:36:35,Happy,Not Focus :|,Unknown
2024-06-07 23:36:36,Neutral,Not Focus :|,Unknown
2024-06-07 23:36:36,Sad,Not Focus :|,Unknown
2024-06-07 23:36:36,Sad,Not Focus :|,Unknown
2024-06-07 23:36:36,Sad,Not Focus :|,Unknown
2024-06-07 23:36:36,Sad,Not Focus :|,Unknown
2024-06-07 23:36:36,No Faces,Not Focus :|,Unknown
2024-06-07 23:36:36,No Faces,Not Focus :|,Unknown
2024-06-07 23:36:36,No Faces,Not Focus :|,Unknown
2024-06-07 23:36:36,Sad,Not Focus :|,Unknown
2024-06-07 23:36:37,No Faces,Not Focus :|,Unknown
2024-06-07 23:36:37,No Faces,Not Focus :|,Unknown
2024-06-07 23:36:37,No Faces,Not Focus :|,Unknown
2024-06-07 23:36:37,No Faces,Focus :),Unknown
2024-06-07 23:36:37,No Faces,Focus :),Unknown
2024-06-07 23:36:37,No Faces,Focus :),Unknown
2024-06-07 23:36:37,Sad,Focus :),Neutral Engagement
2024-06-07 23:36:37,Sad,Focus :),Neutral Engagement
2024-06-07 23:36:37,Sad,Focus :),Neutral Engagement
2024-06-07 23:36:37,Sad,Focus :),Neutral Engagement
2024-06-07 23:36:37,No Faces,Focus :),Unknown
2024-06-07 23:36:38,No Faces,Focus :),Unknown
2024-06-07 23:36:38,No Faces,Focus :),Unknown
2024-06-07 23:36:38,No Faces,Focus :),Unknown
2024-06-07 23:36:38,No Faces,Focus :),Unknown
2024-06-07 23:36:38,No Faces,Focus :),Unknown
2024-06-07 23:36:38,No Faces,Focus :),Unknown
2024-06-07 23:36:38,No Faces,Focus :),Unknown
2024-06-07 23:36:38,No Faces,Focus :),Unknown
2024-06-07 23:36:38,No Faces,Focus :),Unknown
2024-06-07 23:36:38,No Faces,Focus :),Unknown
2024-06-07 23:36:38,No Faces,Focus :),Unknown
2024-06-07 23:36:38,No Faces,Focus :),Unknown
2024-06-07 23:36:38,No Faces,Focus :),Unknown
2024-06-07 23:36:38,No Faces,Focus :),Unknown
2024-06-07 23:36:38,No Faces,Focus :),Unknown
2024-06-07 23:36:38,No Faces,Focus :),Unknown
2024-06-07 23:36:38,No Faces,Focus :),Unknown
2024-06-07 23:36:39,No Faces,Focus :),Unknown
2024-06-07 23:36:39,No Faces,Focus :),Unknown
2024-06-07 23:36:39,No Faces,Focus :),Unknown
2024-06-07 23:36:39,No Faces,Focus :),Unknown
2024-06-07 23:36:39,No Faces,Focus :),Unknown
2024-06-07 23:36:39,No Faces,Focus :),Unknown
2024-06-07 23:36:39,No Faces,Focus :),Unknown
2024-06-07 23:36:39,No Faces,Focus :),Unknown
2024-06-07 23:36:39,No Faces,Focus :),Unknown
2024-06-07 23:36:39,No Faces,Focus :),Unknown
2024-06-07 23:36:39,No Faces,Focus :),Unknown
2024-06-07 23:36:39,No Faces,Focus :),Unknown
2024-06-07 23:36:39,No Faces,Focus :),Unknown
2024-06-07 23:36:39,No Faces,Focus :),Unknown
2024-06-07 23:36:39,No Faces,Focus :),Unknown
2024-06-07 23:36:39,No Faces,Focus :),Unknown
2024-06-07 23:36:40,No Faces,Focus :),Unknown
2024-06-07 23:36:40,No Faces,Focus :),Unknown
2024-06-07 23:36:40,No Faces,Focus :),Unknown
2024-06-07 23:36:40,No Faces,Focus :),Unknown
2024-06-07 23:36:40,No Faces,Focus :),Unknown
2024-06-07 23:36:40,No Faces,Focus :),Unknown
2024-06-07 23:36:40,No Faces,Focus :),Unknown
2024-06-07 23:36:40,No Faces,Focus :),Unknown
2024-06-07 23:36:40,No Faces,Focus :),Unknown
2024-06-07 23:36:40,No Faces,Focus :),Unknown
2024-06-07 23:36:40,No Faces,Focus :),Unknown
2024-06-07 23:36:40,No Faces,Focus :),Unknown
2024-06-07 23:36:40,No Faces,Focus :),Unknown
2024-06-07 23:36:40,No Faces,Focus :),Unknown
2024-06-07 23:36:40,No Faces,Focus :),Unknown
2024-06-07 23:36:40,No Faces,Focus :),Unknown
2024-06-07 23:36:40,No Faces,Focus :),Unknown
2024-06-07 23:36:41,No Faces,Focus :),Unknown
2024-06-07 23:36:41,No Faces,Focus :),Unknown
2024-06-07 23:36:41,No Faces,Focus :),Unknown
2024-06-07 23:36:41,No Faces,Focus :),Unknown
2024-06-07 23:36:41,No Faces,Focus :),Unknown
2024-06-07 23:36:41,No Faces,Focus :),Unknown
2024-06-07 23:36:41,No Faces,Focus :),Unknown
2024-06-07 23:36:41,No Faces,Focus :),Unknown
2024-06-07 23:36:41,No Faces,Focus :),Unknown
2024-06-07 23:36:41,No Faces,Focus :),Unknown
2024-06-07 23:36:41,No Faces,Focus :),Unknown
2024-06-07 23:36:41,No Faces,Focus :),Unknown
2024-06-07 23:36:41,No Faces,Focus :),Unknown
2024-06-07 23:36:41,No Faces,Focus :),Unknown
2024-06-07 23:36:41,Neutral,Focus :),High Engagement
2024-06-07 23:36:42,No Faces,Focus :),Unknown
2024-06-07 23:36:42,No Faces,Focus :),Unknown
2024-06-07 23:36:42,No Faces,Focus :),Unknown
2024-06-07 23:36:42,No Faces,Focus :),Unknown
2024-06-07 23:36:42,No Faces,Focus :),Unknown
2024-06-07 23:36:42,No Faces,Focus :),Unknown
2024-06-07 23:36:42,No Faces,Focus :),Unknown
2024-06-07 23:36:42,No Faces,Focus :),Unknown
2024-06-07 23:36:42,No Faces,Focus :),Unknown
2024-06-07 23:36:42,No Faces,Focus :),Unknown
2024-06-07 23:36:42,No Faces,Focus :),Unknown
2024-06-07 23:36:42,No Faces,Focus :),Unknown
2024-06-07 23:36:42,No Faces,Focus :),Unknown
2024-06-07 23:36:42,No Faces,Focus :),Unknown
2024-06-07 23:36:42,No Faces,Focus :),Unknown
2024-06-07 23:36:42,No Faces,Focus :),Unknown
2024-06-07 23:36:43,Sad,Focus :),Neutral Engagement
2024-06-07 23:36:43,Sad,Focus :),Neutral Engagement
2024-06-07 23:36:43,Sad,Focus :),Neutral Engagement
2024-06-07 23:36:43,No Faces,Focus :),Unknown
2024-06-07 23:36:43,No Faces,Focus :),Unknown
2024-06-07 23:36:43,No Faces,Focus :),Unknown
2024-06-07 23:36:43,No Faces,Focus :),Unknown
2024-06-07 23:36:43,No Faces,Focus :),Unknown
2024-06-07 23:36:43,No Faces,Focus :),Unknown
2024-06-07 23:36:43,No Faces,Focus :),Unknown
2024-06-07 23:36:43,No Faces,Focus :),Unknown
2024-06-07 23:36:43,No Faces,Focus :),Unknown
2024-06-07 23:36:43,No Faces,Focus :),Unknown
2024-06-07 23:36:43,No Faces,Focus :),Unknown
2024-06-07 23:36:44,No Faces,Focus :),Unknown
2024-06-07 23:36:44,No Faces,Focus :),Unknown
2024-06-07 23:36:44,No Faces,Focus :),Unknown
2024-06-07 23:36:44,No Faces,Focus :),Unknown
2024-06-07 23:36:44,No Faces,Focus :),Unknown
2024-06-07 23:36:44,No Faces,Focus :),Unknown
2024-06-07 23:36:44,No Faces,Focus :),Unknown
2024-06-07 23:36:44,No Faces,Focus :),Unknown
2024-06-07 23:36:44,No Faces,Focus :),Unknown
2024-06-07 23:36:44,No Faces,Focus :),Unknown
2024-06-07 23:36:44,No Faces,Focus :),Unknown
2024-06-07 23:36:44,No Faces,Focus :),Unknown
2024-06-07 23:36:44,No Faces,Focus :),Unknown
2024-06-07 23:36:44,No Faces,Focus :),Unknown
2024-06-07 23:36:44,No Faces,Focus :),Unknown
2024-06-07 23:36:44,No Faces,Focus :),Unknown
2024-06-07 23:36:44,No Faces,Focus :),Unknown
2024-06-07 23:36:44,No Faces,Focus :),Unknown
2024-06-07 23:36:44,No Faces,Focus :),Unknown
2024-06-07 23:36:45,No Faces,Focus :),Unknown
2024-06-07 23:36:45,No Faces,Focus :),Unknown
2024-06-07 23:36:45,No Faces,Focus :),Unknown
2024-06-07 23:36:45,No Faces,Focus :),Unknown
2024-06-07 23:36:45,No Faces,Focus :),Unknown
2024-06-07 23:36:45,No Faces,Focus :),Unknown
2024-06-07 23:36:45,No Faces,Focus :),Unknown
2024-06-07 23:36:45,No Faces,Focus :),Unknown
2024-06-07 23:36:45,No Faces,Focus :),Unknown
2024-06-07 23:36:45,No Faces,Focus :),Unknown
2024-06-07 23:36:45,No Faces,Focus :),Unknown
2024-06-07 23:36:45,No Faces,Focus :),Unknown
2024-06-07 23:36:45,No Faces,Focus :),Unknown
2024-06-07 23:36:45,No Faces,Focus :),Unknown
2024-06-07 23:36:45,No Faces,Focus :),Unknown
2024-06-07 23:36:45,No Faces,Focus :),Unknown
2024-06-07 23:36:45,No Faces,Focus :),Unknown
2024-06-07 23:36:45,No Faces,Focus :),Unknown
2024-06-07 23:36:45,No Faces,Focus :),Unknown
2024-06-07 23:36:45,No Faces,Focus :),Unknown
2024-06-07 23:36:46,No Faces,Focus :),Unknown
2024-06-07 23:36:46,No Faces,Focus :),Unknown
2024-06-07 23:36:46,No Faces,Focus :),Unknown
2024-06-07 23:36:46,No Faces,Focus :),Unknown
2024-06-07 23:36:46,No Faces,Focus :),Unknown
2024-06-07 23:36:46,No Faces,Focus :),Unknown
2024-06-07 23:36:46,No Faces,Focus :),Unknown
2024-06-07 23:36:46,No Faces,Focus :),Unknown
2024-06-07 23:36:46,No Faces,Focus :),Unknown
2024-06-07 23:36:46,No Faces,Focus :),Unknown
2024-06-07 23:36:46,No Faces,Focus :),Unknown
2024-06-07 23:36:46,No Faces,Focus :),Unknown
2024-06-07 23:36:46,No Faces,Focus :),Unknown
2024-06-07 23:36:46,No Faces,Focus :),Unknown
2024-06-07 23:36:46,No Faces,Focus :),Unknown
2024-06-07 23:36:46,No Faces,Focus :),Unknown
2024-06-07 23:36:46,No Faces,Focus :),Unknown
2024-06-07 23:36:47,No Faces,Focus :),Unknown
2024-06-07 23:36:47,No Faces,Focus :),Unknown
2024-06-07 23:36:47,No Faces,Focus :),Unknown
2024-06-07 23:36:47,No Faces,Focus :),Unknown
2024-06-07 23:36:47,No Faces,Focus :),Unknown
2024-06-07 23:36:47,No Faces,Focus :),Unknown
2024-06-07 23:36:47,No Faces,Focus :),Unknown
2024-06-07 23:36:47,No Faces,Focus :),Unknown
2024-06-07 23:36:47,No Faces,Focus :),Unknown
2024-06-07 23:36:47,No Faces,Focus :),Unknown
2024-06-07 23:36:47,No Faces,Focus :),Unknown
2024-06-07 23:36:47,No Faces,Focus :),Unknown
2024-06-07 23:36:47,No Faces,Focus :),Unknown
2024-06-07 23:36:47,No Faces,Focus :),Unknown
2024-06-07 23:36:47,No Faces,Focus :),Unknown
2024-06-07 23:36:47,No Faces,Focus :),Unknown
2024-06-07 23:36:47,No Faces,Focus :),Unknown
2024-06-07 23:36:47,No Faces,Focus :),Unknown
2024-06-07 23:36:48,No Faces,Focus :),Unknown
2024-06-07 23:36:48,No Faces,Focus :),Unknown
2024-06-07 23:36:48,No Faces,Focus :),Unknown
2024-06-07 23:36:48,No Faces,Focus :),Unknown
2024-06-07 23:36:48,No Faces,Focus :),Unknown
2024-06-07 23:36:48,No Faces,Focus :),Unknown
2024-06-07 23:36:48,No Faces,Focus :),Unknown
2024-06-07 23:36:48,No Faces,Focus :),Unknown
2024-06-07 23:36:48,No Faces,Focus :),Unknown
2024-06-07 23:36:48,No Faces,Focus :),Unknown
2024-06-07 23:36:48,No Faces,Focus :),Unknown
2024-06-07 23:36:48,No Faces,Focus :),Unknown
2024-06-07 23:36:48,No Faces,Focus :),Unknown
2024-06-07 23:36:48,No Faces,Focus :),Unknown
2024-06-07 23:36:48,No Faces,Focus :),Unknown
2024-06-07 23:36:48,No Faces,Focus :),Unknown
2024-06-07 23:36:48,No Faces,Focus :),Unknown
2024-06-07 23:36:48,No Faces,Focus :),Unknown
2024-06-07 23:36:49,No Faces,Focus :),Unknown
2024-06-07 23:36:49,No Faces,Focus :),Unknown
2024-06-07 23:36:49,No Faces,Focus :),Unknown
2024-06-07 23:36:49,No Faces,Focus :),Unknown
2024-06-07 23:36:49,No Faces,Focus :),Unknown
2024-06-07 23:36:49,No Faces,Focus :),Unknown
2024-06-07 23:36:49,No Faces,Focus :),Unknown
2024-06-07 23:36:49,No Faces,Focus :),Unknown
2024-06-07 23:36:49,No Faces,Focus :),Unknown
2024-06-07 23:36:49,No Faces,Focus :),Unknown
2024-06-07 23:36:49,No Faces,Focus :),Unknown
2024-06-07 23:36:49,No Faces,Focus :),Unknown
2024-06-07 23:36:49,No Faces,Focus :),Unknown
2024-06-07 23:36:49,No Faces,Focus :),Unknown
2024-06-07 23:36:49,No Faces,Focus :),Unknown
2024-06-07 23:36:49,No Faces,Focus :),Unknown
2024-06-07 23:36:49,No Faces,Focus :),Unknown
2024-06-07 23:36:49,No Faces,Focus :),Unknown
2024-06-07 23:36:50,No Faces,Focus :),Unknown
2024-06-07 23:36:50,No Faces,Focus :),Unknown
2024-06-07 23:36:50,No Faces,Focus :),Unknown
2024-06-07 23:36:50,No Faces,Focus :),Unknown
2024-06-07 23:36:50,No Faces,Focus :),Unknown
2024-06-07 23:36:50,No Faces,Focus :),Unknown
2024-06-07 23:36:50,No Faces,Focus :),Unknown
2024-06-07 23:36:50,No Faces,Focus :),Unknown
2024-06-07 23:36:50,No Faces,Focus :),Unknown
2024-06-07 23:36:50,No Faces,Focus :),Unknown
2024-06-07 23:36:50,No Faces,Focus :),Unknown
2024-06-07 23:36:50,No Faces,Focus :),Unknown
2024-06-07 23:36:50,No Faces,Focus :),Unknown
2024-06-07 23:36:50,No Faces,Focus :),Unknown
2024-06-07 23:36:50,No Faces,Focus :),Unknown
2024-06-07 23:36:50,No Faces,Focus :),Unknown
2024-06-07 23:36:50,No Faces,Focus :),Unknown
2024-06-07 23:36:50,No Faces,Focus :),Unknown
2024-06-07 23:36:51,No Faces,Focus :),Unknown
2024-06-07 23:36:51,No Faces,Focus :),Unknown
2024-06-07 23:36:51,No Faces,Focus :),Unknown
2024-06-07 23:36:51,No Faces,Focus :),Unknown
2024-06-07 23:36:51,No Faces,Focus :),Unknown
2024-06-07 23:36:51,No Faces,Focus :),Unknown
2024-06-07 23:36:51,No Faces,Focus :),Unknown
2024-06-07 23:36:51,No Faces,Focus :),Unknown
2024-06-07 23:36:51,No Faces,Focus :),Unknown
2024-06-07 23:36:51,No Faces,Focus :),Unknown
2024-06-07 23:36:51,No Faces,Focus :),Unknown
2024-06-07 23:36:51,No Faces,Focus :),Unknown
2024-06-07 23:36:51,No Faces,Focus :),Unknown
2024-06-07 23:36:51,No Faces,Focus :),Unknown
2024-06-07 23:36:51,No Faces,Focus :),Unknown
2024-06-07 23:36:51,No Faces,Focus :),Unknown
2024-06-07 23:36:51,No Faces,Focus :),Unknown
2024-06-07 23:36:51,No Faces,Focus :),Unknown
2024-06-07 23:36:52,No Faces,Focus :),Unknown
2024-06-07 23:36:52,No Faces,Focus :),Unknown
2024-06-07 23:36:52,No Faces,Focus :),Unknown
2024-06-07 23:36:52,No Faces,Focus :),Unknown
2024-06-07 23:36:52,No Faces,Focus :),Unknown
2024-06-07 23:36:52,No Faces,Focus :),Unknown
2024-06-07 23:36:52,No Faces,Focus :),Unknown
2024-06-07 23:36:52,No Faces,Focus :),Unknown
2024-06-07 23:36:52,No Faces,Focus :),Unknown
2024-06-07 23:36:52,No Faces,Focus :),Unknown
2024-06-07 23:36:52,No Faces,Focus :),Unknown
2024-06-07 23:36:52,No Faces,Focus :),Unknown
2024-06-07 23:36:52,No Faces,Focus :),Unknown
2024-06-07 23:36:52,No Faces,Focus :),Unknown
2024-06-07 23:36:52,No Faces,Focus :),Unknown
2024-06-07 23:36:52,No Faces,Focus :),Unknown
2024-06-07 23:36:52,No Faces,Focus :),Unknown
2024-06-07 23:36:52,No Faces,Focus :),Unknown
2024-06-07 23:36:53,Sad,Focus :),Neutral Engagement
2024-06-07 23:36:53,No Faces,Focus :),Unknown
2024-06-07 23:36:53,No Faces,Focus :),Unknown
2024-06-07 23:36:53,No Faces,Focus :),Unknown
2024-06-07 23:36:53,No Faces,Focus :),Unknown
2024-06-07 23:36:53,No Faces,Focus :),Unknown
2024-06-07 23:36:53,No Faces,Focus :),Unknown
2024-06-07 23:36:53,No Faces,Focus :),Unknown
2024-06-07 23:36:53,No Faces,Focus :),Unknown
2024-06-07 23:36:53,No Faces,Focus :),Unknown
2024-06-07 23:36:53,No Faces,Focus :),Unknown
2024-06-07 23:36:53,No Faces,Focus :),Unknown
2024-06-07 23:36:53,No Faces,Focus :),Unknown
2024-06-07 23:36:53,No Faces,Focus :),Unknown
2024-06-07 23:36:53,No Faces,Focus :),Unknown
2024-06-07 23:36:53,No Faces,Focus :),Unknown
2024-06-07 23:36:53,No Faces,Focus :),Unknown
2024-06-07 23:36:54,No Faces,Focus :),Unknown
2024-06-07 23:36:54,No Faces,Focus :),Unknown
2024-06-07 23:36:54,No Faces,Focus :),Unknown
2024-06-07 23:36:54,No Faces,Focus :),Unknown
2024-06-07 23:36:54,No Faces,Focus :),Unknown
2024-06-07 23:36:54,No Faces,Focus :),Unknown
2024-06-07 23:36:54,No Faces,Focus :),Unknown
2024-06-07 23:36:54,No Faces,Focus :),Unknown
2024-06-07 23:36:54,No Faces,Focus :),Unknown
2024-06-07 23:36:54,No Faces,Focus :),Unknown
2024-06-07 23:36:54,No Faces,Focus :),Unknown
2024-06-07 23:36:54,No Faces,Focus :),Unknown
2024-06-07 23:36:54,No Faces,Focus :),Unknown
2024-06-07 23:36:54,No Faces,Focus :),Unknown
2024-06-07 23:36:54,No Faces,Focus :),Unknown
2024-06-07 23:36:54,No Faces,Focus :),Unknown
2024-06-07 23:36:54,No Faces,Focus :),Unknown
2024-06-07 23:36:54,No Faces,Focus :),Unknown
2024-06-07 23:36:55,Neutral,Focus :),High Engagement
2024-06-07 23:36:55,Sad,Focus :),Neutral Engagement
2024-06-07 23:36:55,No Faces,Focus :),Unknown
2024-06-07 23:36:55,Sad,Focus :),Neutral Engagement
2024-06-07 23:36:55,Neutral,Focus :),High Engagement
2024-06-07 23:36:55,Neutral,Focus :),High Engagement
2024-06-07 23:36:56,Sad,Focus :),Unknown
2024-06-07 23:36:56,Neutral,Focus :),Unknown
2024-06-07 23:36:56,No Faces,Focus :),Unknown
2024-06-07 23:36:56,No Faces,Focus :),Unknown
2024-06-07 23:36:56,No Faces,Focus :),Unknown
2024-06-07 23:36:56,No Faces,Focus :),Unknown
2024-06-07 23:36:56,No Faces,Focus :),Unknown
2024-06-07 23:36:56,No Faces,Focus :),Unknown
2024-06-07 23:36:56,No Faces,Focus :),Unknown
2024-06-07 23:36:56,No Faces,Focus :),Unknown
2024-06-07 23:36:56,No Faces,Focus :),Unknown
2024-06-07 23:36:56,No Faces,Focus :),Unknown
2024-06-07 23:36:56,No Faces,Focus :),Unknown
2024-06-07 23:36:56,Neutral,Focus :),Unknown
2024-06-07 23:36:56,No Faces,Focus :),Unknown
2024-06-07 23:36:57,No Faces,Focus :),Unknown
2024-06-07 23:36:57,No Faces,Focus :),Unknown
2024-06-07 23:36:57,No Faces,Focus :),Unknown
2024-06-07 23:36:57,No Faces,Focus :),Unknown
2024-06-07 23:36:57,No Faces,Focus :),Unknown
2024-06-07 23:36:57,No Faces,Focus :),Unknown
2024-06-07 23:36:57,No Faces,Focus :),Unknown
2024-06-07 23:36:57,No Faces,Focus :),Unknown
2024-06-07 23:36:57,No Faces,Focus :),Unknown
2024-06-07 23:36:57,No Faces,Focus :),Unknown
2024-06-07 23:36:57,No Faces,Focus :),Unknown
2024-06-07 23:36:57,No Faces,Focus :),Unknown
2024-06-07 23:36:57,Neutral,Focus :),Unknown
2024-06-07 23:36:57,No Faces,Focus :),Unknown
2024-06-07 23:36:57,No Faces,Focus :),Unknown
2024-06-07 23:36:57,No Faces,Focus :),Unknown
2024-06-07 23:36:58,No Faces,Focus :),Unknown
2024-06-07 23:36:58,No Faces,Focus :),Unknown
2024-06-07 23:36:58,No Faces,Focus :),Unknown
2024-06-07 23:36:58,No Faces,Focus :),Unknown
2024-06-07 23:36:58,Sad,Focus :),Unknown
2024-06-07 23:36:58,No Faces,Focus :),Unknown
2024-06-07 23:36:58,No Faces,Focus :),Unknown
2024-06-07 23:36:58,No Faces,Focus :),Unknown
2024-06-07 23:36:58,No Faces,Focus :),Unknown
2024-06-07 23:36:58,No Faces,Focus :),Unknown
2024-06-07 23:36:58,No Faces,Focus :),Unknown
2024-06-07 23:36:58,No Faces,Focus :),Unknown
2024-06-07 23:36:58,No Faces,Focus :),Unknown
2024-06-07 23:36:58,No Faces,Focus :),Unknown
2024-06-07 23:36:58,No Faces,Focus :),Unknown
2024-06-07 23:36:58,No Faces,Focus :),Unknown
2024-06-07 23:36:59,No Faces,Focus :),Unknown
2024-06-07 23:36:59,No Faces,Focus :),Unknown
2024-06-07 23:36:59,Neutral,Focus :),Unknown
2024-06-07 23:36:59,No Faces,Focus :),Unknown
2024-06-07 23:36:59,Sad,Focus :),Unknown
2024-06-07 23:36:59,No Faces,Focus :),Unknown
2024-06-07 23:36:59,No Faces,Focus :),Unknown
2024-06-07 23:36:59,No Faces,Focus :),Unknown
2024-06-07 23:36:59,No Faces,Focus :),Unknown
2024-06-07 23:36:59,No Faces,Focus :),Unknown
2024-06-07 23:36:59,No Faces,Focus :),Unknown
2024-06-07 23:36:59,No Faces,Focus :),Unknown
2024-06-07 23:36:59,No Faces,Focus :),Unknown
2024-06-07 23:36:59,No Faces,Focus :),Unknown
2024-06-07 23:36:59,No Faces,Focus :),Unknown
2024-06-07 23:37:00,No Faces,Focus :),Unknown
2024-06-07 23:37:00,No Faces,Focus :),Unknown
2024-06-07 23:37:00,No Faces,Focus :),Unknown
2024-06-07 23:37:00,No Faces,Focus :),Unknown
2024-06-07 23:37:00,No Faces,Focus :),Unknown
2024-06-07 23:37:00,No Faces,Focus :),Unknown
2024-06-07 23:37:00,No Faces,Focus :),Unknown
2024-06-07 23:37:00,No Faces,Focus :),Unknown
2024-06-07 23:37:00,No Faces,Focus :),Unknown
2024-06-07 23:37:00,No Faces,Focus :),Unknown
2024-06-07 23:37:00,No Faces,Focus :),Unknown
2024-06-07 23:37:00,No Faces,Focus :),Unknown
2024-06-07 23:37:00,Sad,Focus :),Unknown
2024-06-07 23:37:00,Neutral,Focus :),Unknown
2024-06-07 23:37:01,Sad,Focus :),Unknown
2024-06-07 23:37:01,No Faces,Focus :),Unknown
2024-06-07 23:37:01,No Faces,Focus :),Unknown
2024-06-07 23:37:01,Neutral,Focus :),Unknown
2024-06-07 23:37:01,Neutral,Focus :),Unknown
2024-06-07 23:37:01,Neutral,Focus :),Unknown
2024-06-07 23:37:01,Sad,Focus :),Unknown
2024-06-07 23:37:01,Sad,Focus :),Unknown
2024-06-07 23:37:01,Sad,Focus :),Unknown
2024-06-07 23:37:02,Sad,Focus :),Unknown
2024-06-07 23:37:02,Sad,Focus :),Unknown
2024-06-07 23:37:02,No Faces,Focus :),Unknown
2024-06-07 23:37:02,No Faces,Focus :),Unknown
2024-06-07 23:37:02,No Faces,Focus :),Unknown
2024-06-07 23:37:02,Neutral,Focus :),Unknown
2024-06-07 23:37:02,No Faces,Focus :),Unknown
2024-06-07 23:37:02,Sad,Focus :),Unknown
2024-06-07 23:37:02,Sad,Focus :),Unknown
2024-06-07 23:37:02,Sad,Focus :),Neutral Engagement
2024-06-07 23:37:03,Sad,Focus :),Neutral Engagement
2024-06-07 23:37:03,Neutral,Focus :),High Engagement
2024-06-07 23:37:03,Sad,Focus :),Neutral Engagement
2024-06-07 23:37:03,Neutral,Focus :),High Engagement
2024-06-07 23:37:03,Neutral,Focus :),High Engagement
2024-06-07 23:37:03,Sad,Focus :),Unknown
2024-06-07 23:37:03,Neutral,Focus :),Unknown
2024-06-07 23:37:04,Sad,Focus :),Unknown
2024-06-07 23:37:04,Sad,Focus :),Unknown
2024-06-07 23:37:04,Sad,Focus :),Unknown
2024-06-07 23:37:04,Neutral,Focus :),Unknown
2024-06-07 23:37:04,Neutral,Focus :),Unknown
2024-06-07 23:37:04,Neutral,Focus :),Unknown
2024-06-07 23:37:04,Neutral,Focus :),High Engagement
2024-06-07 23:37:05,Neutral,Focus :),High Engagement
2024-06-07 23:37:05,Neutral,Focus :),High Engagement
2024-06-07 23:37:05,Neutral,Focus :),High Engagement
2024-06-07 23:37:05,Neutral,Focus :),High Engagement
2024-06-07 23:37:05,Neutral,Focus :),High Engagement
2024-06-07 23:37:05,Neutral,Focus :),High Engagement
2024-06-07 23:37:05,Neutral,Focus :),Unknown
2024-06-07 23:37:06,Neutral,Focus :),Unknown
2024-06-07 23:37:06,Neutral,Focus :),Unknown
2024-06-07 23:37:06,Neutral,Focus :),Unknown
2024-06-07 23:37:06,Neutral,Focus :),Unknown
2024-06-07 23:37:06,Neutral,Focus :),Unknown
2024-06-07 23:37:06,Neutral,Focus :),Unknown
2024-06-07 23:37:06,Neutral,Focus :),High Engagement
2024-06-07 23:37:07,Neutral,Focus :),High Engagement
2024-06-07 23:37:07,Neutral,Focus :),Unknown
2024-06-07 23:37:07,Neutral,Focus :),Unknown
2024-06-07 23:37:07,Neutral,Focus :),Unknown
2024-06-07 23:37:07,Neutral,Focus :),Unknown
2024-06-07 23:37:07,Neutral,Focus :),Unknown
2024-06-07 23:37:07,Neutral,Focus :),Unknown
2024-06-07 23:37:08,Neutral,Focus :),Unknown
2024-06-07 23:37:08,Neutral,Focus :),High Engagement
2024-06-07 23:37:08,Neutral,Focus :),High Engagement
2024-06-07 23:37:08,Neutral,Focus :),High Engagement
2024-06-07 23:37:08,Neutral,Focus :),High Engagement
2024-06-07 23:37:08,Neutral,Focus :),High Engagement
2024-06-07 23:37:08,Neutral,Focus :),High Engagement
2024-06-07 23:37:08,Neutral,Focus :),High Engagement
2024-06-07 23:37:09,Neutral,Focus :),Unknown
2024-06-07 23:37:09,Neutral,Focus :),Unknown
2024-06-07 23:37:09,Neutral,Focus :),Unknown
2024-06-07 23:37:09,Neutral,Focus :),Unknown
